,city,cloudiness,humidity,latitude,longitude,max_temperature,wind_speed,country,datetime
0,provideniya,90,81,64.38,-173.3,50.0,11.18,RU,1595302095
1,chokurdakh,55,31,70.63,147.92,83.53,14.41,RU,1595302300
2,sao joao da barra,0,90,-21.64,-41.05,70.48,10.2,BR,1595302300
3,bowen,98,46,-20.02,148.23,73.4,12.75,AU,1595302300
4,punta arenas,3,92,-53.15,-70.92,30.2,6.93,CL,1595302300
5,san patricio,0,82,19.22,-104.7,79.48,8.37,MX,1595302300
6,puerto cabezas,74,84,14.04,-83.39,78.73,6.44,NI,1595302300
7,sao filipe,41,82,14.9,-24.5,75.7,9.84,CV,1595302300
8,brooks,5,61,50.58,-111.89,69.01,2.28,CA,1595302301
9,ballina,100,52,-28.87,153.57,66.2,14.99,AU,1595302301
10,arraial do cabo,0,84,-22.97,-42.03,70.27,17.96,BR,1595302301
11,povrly,85,94,50.67,14.16,62.01,2.46,CZ,1595302301
12,east london,75,76,-33.02,27.91,53.6,8.05,ZA,1595302021
13,kodiak,40,46,57.79,-152.41,73.4,9.17,US,1595302301
14,tuktoyaktuk,90,80,69.45,-133.04,41.0,12.75,CA,1595302301
15,worpswede,20,100,53.22,8.93,52.0,2.24,DE,1595302302
16,moncton,20,88,46.12,-64.8,69.8,9.17,CA,1595302085
17,bambous virieux,75,49,-20.34,57.76,69.8,13.87,MU,1595302076
18,hithadhoo,100,77,-0.6,73.08,84.02,11.52,MV,1595302068
19,butaritari,75,66,3.07,172.79,83.37,3.67,KI,1595302287
20,upernavik,63,58,72.79,-56.15,46.9,6.08,GL,1595302302
21,ancud,75,100,-41.87,-73.82,48.0,3.36,CL,1595302302
22,dikson,100,95,73.51,80.55,39.72,12.55,RU,1595302303
23,bluff,86,80,-46.6,168.33,51.53,3.24,NZ,1595302303
24,beringovskiy,81,74,63.05,179.32,47.21,9.31,RU,1595302303
25,periceiu,48,93,47.23,22.88,61.0,1.12,RO,1595302303
26,kapaa,90,69,22.08,-159.32,80.6,16.11,US,1595302291
27,kharovsk,96,93,59.96,40.19,59.86,5.77,RU,1595302303
28,svetlogorsk,0,89,52.63,29.73,59.13,5.37,BY,1595302139
29,paita,49,85,-5.09,-81.11,61.72,11.01,PE,1595302303
30,rikitea,91,72,-23.12,-134.97,67.24,19.57,PF,1595302304
31,kvarkeno,4,76,52.08,59.73,70.32,9.46,RU,1595302304
32,port alfred,0,68,-33.59,26.89,57.67,3.6,ZA,1595302072
33,puerto ayora,99,88,-0.74,-90.35,69.01,5.01,EC,1595302304
34,busselton,100,44,-33.65,115.33,64.0,18.81,AU,1595302304
35,mahebourg,75,49,-20.41,57.7,69.8,13.87,MU,1595302105
36,avarua,100,78,-21.21,-159.78,77.0,18.34,CK,1595302304
37,mao,0,88,39.89,4.27,71.6,4.7,ES,1595302305
38,saint george,1,12,37.1,-113.58,98.6,9.17,US,1595302305
39,atuona,35,78,-9.8,-139.03,80.4,18.41,PF,1595302072
40,ushuaia,0,92,-54.8,-68.3,28.4,4.7,AR,1595302305
41,cidreira,55,82,-30.18,-50.21,65.35,5.03,BR,1595302105
42,xambioa,27,52,-6.41,-48.54,72.19,1.3,BR,1595302305
43,novyy urengoy,100,84,66.08,76.63,56.35,14.0,RU,1595302305
44,diego de almagro,100,82,-26.37,-70.05,46.54,1.59,CL,1595302305
45,tuatapere,80,77,-46.13,167.68,49.96,5.66,NZ,1595302306
46,jiujiang,100,79,29.73,115.98,80.76,3.33,CN,1595302306
47,storsteinnes,100,93,69.24,19.23,53.6,11.41,NO,1595302306
48,ambunti,47,46,-4.24,142.84,93.81,2.37,PG,1595302306
49,indiana,1,100,40.0,-86.25,75.2,5.64,US,1595302202
50,olinda,40,69,-8.01,-34.86,77.0,8.05,BR,1595302306
51,anito,99,63,12.45,125.29,88.3,6.35,PH,1595302306
52,vila velha,75,100,-20.33,-40.29,66.2,2.24,BR,1595302299
53,khatanga,93,54,71.97,102.5,56.88,4.32,RU,1595302067
54,kaeo,35,3,-35.1,173.78,61.0,7.0,NZ,1595302307
55,wilmington,1,83,34.23,-77.94,82.4,3.36,US,1595302205
56,faanui,35,82,-16.48,-151.75,77.61,25.23,PF,1595302307
57,yar-sale,100,81,66.83,70.83,56.88,7.54,RU,1595302307
58,jamestown,1,77,42.1,-79.24,66.2,0.63,US,1595302273
59,laguna,1,53,38.42,-121.42,75.0,6.93,US,1595302057
60,verkhoyansk,99,37,67.54,133.38,89.85,6.91,RU,1595302307
61,hermanus,2,88,-34.42,19.23,52.0,6.15,ZA,1595302307
62,poum,70,64,-20.23,164.02,71.47,15.14,NC,1595302308
63,mataura,100,75,-46.19,168.86,51.67,3.53,NZ,1595302080
64,merauke,66,78,-8.47,140.33,80.19,16.11,ID,1595302308
65,seoul,75,61,37.57,126.98,80.6,2.66,KR,1595302057
66,hofn,93,75,64.25,-15.21,52.61,1.16,IS,1595302089
67,sao raimundo nonato,69,55,-9.02,-42.7,70.11,5.39,BR,1595302308
68,hilo,90,65,19.73,-155.09,82.4,8.05,US,1595302308
69,tupik,100,89,54.43,119.93,54.97,6.46,RU,1595302308
70,chokwe,0,92,-24.53,32.98,55.06,1.97,MZ,1595302309
71,aasiaat,100,86,68.71,-52.87,42.3,4.79,GL,1595302309
72,barrow,90,86,71.29,-156.79,33.8,8.05,US,1595302309
73,alice springs,90,66,-23.7,133.88,55.4,14.99,AU,1595302053
74,tortoli,5,83,39.93,9.66,71.6,9.17,IT,1595302309
75,port lincoln,92,67,-34.73,135.87,54.81,6.69,AU,1595302309
76,port augusta,100,58,-32.5,137.77,57.99,9.17,AU,1595302309
77,khasan,0,53,42.43,130.64,80.87,6.85,RU,1595302310
78,tasiilaq,97,87,65.61,-37.64,42.8,3.36,GL,1595302310
79,greer,1,83,34.94,-82.23,78.01,4.03,US,1595302310
80,muros,8,77,42.78,-9.06,66.99,5.01,ES,1595302310
81,trinidad,14,67,-14.83,-64.9,74.39,1.48,BO,1595302310
82,evansville,1,88,37.97,-87.56,73.99,3.51,US,1595302268
83,sisimiut,100,78,66.94,-53.67,50.2,4.25,GL,1595302310
84,longyearbyen,40,81,78.22,15.64,48.2,6.93,SJ,1595302310
85,bonavista,86,90,48.65,-53.11,59.72,15.95,CA,1595302310
86,college,75,72,64.86,-147.8,69.8,11.65,US,1595302311
87,new norfolk,81,73,-42.78,147.06,59.0,4.0,AU,1595302311
88,okitipupa,71,98,6.5,4.78,72.14,2.04,NG,1595302311
89,cimislia,0,93,46.52,28.78,59.0,3.36,MD,1595302311
90,fairview,1,45,40.81,-74.0,87.8,8.99,US,1595302267
91,eskil,0,58,38.4,33.41,70.88,15.61,TR,1595302023
92,zhireken,31,41,52.82,117.31,65.44,12.91,RU,1595302311
93,cherskiy,97,27,68.75,161.3,77.47,5.48,RU,1595302311
94,saldanha,0,87,-33.01,17.94,44.6,3.36,ZA,1595302089
95,cap malheureux,73,62,-19.98,57.61,69.01,4.0,MU,1595302312
96,chapais,90,87,49.78,-74.85,53.6,10.29,CA,1595302021
97,namibe,0,59,-15.2,12.15,64.98,4.43,AO,1595302312
98,dunedin,62,47,-45.87,170.5,60.01,14.0,NZ,1595302312
99,severo-kurilsk,42,79,50.68,156.12,54.1,1.66,RU,1595302312
100,bredasdorp,28,100,-34.53,20.04,53.6,6.93,ZA,1595302073
101,vaini,20,64,-21.2,-175.2,75.2,9.17,TO,1595302069
102,santarem,40,100,-2.44,-54.71,75.2,2.24,BR,1595302312
103,bocas del toro,100,100,9.33,-82.25,63.0,4.12,PA,1595302312
104,ayorou,14,46,14.73,0.92,88.48,14.18,NE,1595302312
105,plainview,40,68,40.78,-73.47,84.99,9.51,US,1595302313
106,bethlehem,40,94,-1.46,-48.5,75.2,4.7,BR,1595302108
107,nago,1,70,26.59,127.98,89.6,9.17,JP,1595302313
108,souillac,75,49,-20.52,57.52,69.8,13.87,MU,1595302313
109,luderitz,0,34,-26.65,15.16,62.6,3.36,NA,1595302313
110,yulara,90,58,-25.24,130.99,59.0,12.75,AU,1595302313
111,pevek,22,56,69.7,170.31,48.6,4.5,RU,1595302025
112,torit,18,95,4.41,32.57,66.36,2.55,SS,1595302313
113,aklavik,75,70,68.22,-135.01,48.2,10.29,CA,1595302313
114,faya,100,77,18.39,42.45,66.2,3.74,SA,1595302314
115,doha,45,53,25.29,51.53,96.8,3.36,QA,1595302290
116,urengoy,94,71,65.97,78.37,59.45,14.29,RU,1595302314
117,nikolskoye,99,87,59.7,30.79,62.01,2.33,RU,1595302314
118,amapa,1,97,1.0,-52.0,70.0,1.68,BR,1595302314
119,pisco,0,87,-13.7,-76.22,57.0,4.7,PE,1595302105
120,coruripe,72,80,-10.13,-36.18,72.77,12.1,BR,1595302315
121,georgetown,20,79,5.41,100.34,87.8,4.7,MY,1595302315
122,lavrentiya,100,79,65.58,-171.0,46.45,3.91,RU,1595302315
123,seabra,80,94,-12.42,-41.77,59.5,4.81,BR,1595302315
124,kanker,100,66,20.27,81.49,85.59,11.48,IN,1595302315
125,denia,0,79,38.84,0.11,75.0,3.0,ES,1595302292
126,erzurum,0,81,40.0,41.5,46.4,3.36,TR,1595302316
127,los llanos de aridane,75,73,28.66,-17.92,71.6,21.92,ES,1595302109
128,san cristobal,100,86,7.77,-72.22,65.34,3.78,VE,1595302316
129,kizner,5,87,56.27,51.51,64.71,4.7,RU,1595302316
130,rundu,0,58,-17.93,19.77,45.23,4.72,NA,1595302316
131,nuuk,100,87,64.18,-51.72,51.8,1.12,GL,1595302316
132,san felipe,81,87,10.34,-68.74,72.34,3.65,VE,1595302317
133,mount gambier,90,76,-37.83,140.77,53.6,8.05,AU,1595302102
134,bethel,1,83,41.37,-73.41,73.99,4.72,US,1595302095
135,port hedland,0,21,-20.32,118.57,80.6,14.99,AU,1595302317
136,cape town,0,66,-33.93,18.42,62.01,9.17,ZA,1595302317
137,grindavik,20,87,63.84,-22.43,44.6,1.74,IS,1595302317
138,bairiki,75,78,1.33,172.98,82.4,2.24,KI,1595302317
139,mirnyy,90,100,62.54,113.96,57.2,6.71,RU,1595302318
140,mehamn,95,93,71.04,27.85,55.4,2.24,NO,1595302108
141,barcelos,16,93,41.54,-8.62,70.0,4.34,PT,1595302130
142,albany,3,89,42.6,-73.97,77.0,4.76,US,1595302065
143,lazaro cardenas,9,86,17.96,-102.2,80.01,4.61,MX,1595302318
144,belmonte,20,69,-15.86,-38.88,75.2,10.29,BR,1595302318
145,bilibino,16,26,68.05,166.44,75.96,4.74,RU,1595302318
146,victoria,26,66,22.29,114.16,90.0,8.01,HK,1595302057
147,kaka,0,11,37.35,59.61,95.97,7.52,TM,1595302319
148,santa catarina de tepehuanes,26,67,25.35,-105.73,66.24,4.07,MX,1595302319
149,ankang,100,89,32.68,109.02,71.74,1.88,CN,1595302319
150,general roca,90,93,-39.03,-67.58,46.4,9.17,AR,1595302074
151,leningradskiy,0,62,69.38,178.42,47.73,12.3,RU,1595302319
152,ilulissat,100,50,69.22,-51.1,51.8,2.24,GL,1595302319
153,nyrob,0,59,60.73,56.72,61.86,8.57,RU,1595302319
154,chilca,90,77,-12.52,-76.74,60.8,4.7,PE,1595302319
155,axim,94,92,4.87,-2.24,74.89,4.7,GH,1595302319
156,ipixuna,40,94,-1.76,-48.8,75.2,4.7,BR,1595302320
157,osuna,81,47,37.24,-5.11,84.0,9.17,ES,1595302320
158,san quintin,0,80,30.48,-115.95,66.58,14.99,MX,1595302320
159,saint-philippe,90,63,-21.36,55.77,62.6,6.93,RE,1595302070
160,tiksi,93,80,71.69,128.87,52.07,8.77,RU,1595302320
161,lavaltrie,80,71,45.88,-73.28,73.99,5.1,CA,1595302320
162,margate,0,81,51.38,1.39,55.0,1.01,GB,1595302212
163,phalaborwa,0,81,-23.94,31.14,50.0,3.36,ZA,1595302321
164,taltal,100,73,-25.4,-70.48,56.8,2.28,CL,1595302321
165,antsohihy,0,64,-14.88,47.99,67.26,8.34,MG,1595302321
166,palu,21,51,-0.89,119.87,91.09,2.8,ID,1595302321
167,khandyga,95,37,62.67,135.6,82.04,11.81,RU,1595302321
168,matara,100,73,5.95,80.54,83.95,5.7,LK,1595302321
169,loikaw,99,94,19.67,97.21,70.79,2.39,MM,1595302322
170,flinders,7,38,-34.58,150.86,61.0,8.05,AU,1595302322
171,aktash,100,50,50.3,87.73,65.26,2.37,RU,1595302322
172,banatski karlovac,0,93,45.05,21.02,57.2,1.12,RS,1595302322
173,carnarvon,0,38,-24.87,113.63,73.4,12.75,AU,1595302066
174,bengkulu,79,60,-3.8,102.27,86.56,5.3,ID,1595302322
175,rantepao,23,57,-2.97,119.9,82.51,4.74,ID,1595302323
176,magadan,8,58,59.57,150.8,64.18,7.29,RU,1595302323
177,castro,7,82,-24.79,-50.01,54.03,3.36,BR,1595302323
178,ca mau,100,60,9.18,105.15,90.01,2.59,VN,1595302323
179,atambua,100,45,-9.11,124.89,83.28,1.5,ID,1595302323
180,vao,90,66,-22.67,167.48,68.76,13.98,NC,1595302103
181,sayyan,94,76,15.17,44.32,60.06,1.14,YE,1595302323
182,portland,1,42,45.52,-122.68,87.01,9.17,US,1595302027
183,menongue,0,65,-14.66,17.69,44.74,4.97,AO,1595302323
184,puerto quijarro,0,48,-17.78,-57.77,71.42,2.95,BO,1595302324
185,bjornevatn,75,93,69.67,29.98,60.8,11.41,NO,1595302324
186,kutum,40,79,14.2,24.67,71.06,6.69,SD,1595302324
187,hasaki,75,88,35.73,140.83,84.0,5.82,JP,1595302046
188,huilong,100,76,31.81,121.66,88.0,1.99,CN,1595302324
189,opuwo,0,52,-18.06,13.84,49.77,7.07,NA,1595302324
190,kabarnet,99,100,0.49,35.74,55.92,0.85,KE,1595302325
191,ribeira grande,12,69,38.52,-28.7,68.74,1.68,PT,1595302325
192,torbay,75,93,47.67,-52.73,64.4,24.16,CA,1595302076
193,grand island,75,78,40.92,-98.34,75.2,6.93,US,1595302305
194,mildura,40,62,-34.2,142.15,54.0,8.05,AU,1595302065
195,inhambane,100,65,-23.86,35.38,67.19,5.5,MZ,1595302325
196,jibuti,1,41,11.5,42.5,91.4,9.17,DJ,1595302325
197,batagay-alyta,100,55,67.8,130.41,78.1,7.49,RU,1595302325
198,clyde river,90,100,70.47,-68.59,42.8,10.29,CA,1595302326
199,carutapera,5,91,-1.2,-46.02,73.69,2.75,BR,1595302100
200,narsaq,78,66,60.92,-46.05,50.0,4.7,GL,1595302326
201,jiexiu,100,28,37.02,111.91,86.97,3.47,CN,1595302326
202,talcahuano,90,93,-36.72,-73.12,50.0,5.82,CL,1595302326
203,holme,68,93,56.11,10.17,51.01,9.17,DK,1595302326
204,aktau,20,30,43.65,51.2,82.4,11.18,KZ,1595302326
205,lazarev,100,84,52.23,141.51,61.29,14.5,RU,1595302327
206,nawa,59,57,27.02,75.0,88.9,16.08,IN,1595302327
207,high level,75,73,58.52,-117.14,69.8,5.82,CA,1595302327
208,maragogi,76,78,-9.01,-35.22,73.22,11.32,BR,1595302327
209,troitskoye,15,66,52.98,84.68,76.35,6.71,RU,1595302327
210,fairbanks,75,56,64.84,-147.72,69.8,11.97,US,1595302231
211,lima,90,77,-12.04,-77.03,60.8,4.7,PE,1595302047
212,kostrzyn,29,91,52.4,17.23,55.99,4.0,PL,1595302327
213,makakilo city,75,51,21.35,-158.09,86.0,9.17,US,1595302282
214,petropavlovsk-kamchatskiy,20,72,53.05,158.65,62.6,11.18,RU,1595302328
215,raudeberg,100,87,61.99,5.14,50.0,3.36,NO,1595302328
216,lorengau,63,64,-2.02,147.27,85.95,8.9,PG,1595302328
217,daru,51,81,-9.08,143.21,79.7,15.08,PG,1595302328
218,iqaluit,90,100,63.75,-68.51,44.6,8.05,CA,1595302328
219,karpathos,0,78,35.51,27.21,76.03,19.35,GR,1595302328
220,inverell,65,36,-29.78,151.12,64.99,1.99,AU,1595302328
221,kroya,31,68,-7.63,109.25,84.9,10.22,ID,1595302328
222,hobart,40,54,-42.88,147.33,59.0,9.17,AU,1595302204
223,sabha,0,38,27.04,14.43,78.22,13.96,LY,1595302329
224,bubaque,100,88,11.28,-15.83,78.08,13.87,GW,1595302329
225,katsuura,75,88,35.13,140.3,84.0,5.82,JP,1595302329
226,airai,99,46,-8.93,125.41,73.81,4.16,TL,1595302329
227,dzhubga,67,84,44.32,38.7,73.9,8.16,RU,1595302329
228,port elizabeth,40,100,-33.92,25.57,53.6,5.82,ZA,1595302329
229,belaya gora,41,25,68.53,146.42,88.29,8.9,RU,1595302329
230,wakkanai,75,83,45.41,141.67,69.8,9.17,JP,1595302329
231,ponta do sol,40,77,32.67,-17.1,68.0,11.41,PT,1595302330
232,tagusao,35,62,9.19,117.81,87.67,2.19,PH,1595302330
233,bara,100,89,10.37,10.73,73.2,10.67,NG,1595302330
234,lompoc,12,82,34.64,-120.46,60.8,14.99,US,1595302294
235,takoradi,85,92,4.88,-1.76,74.86,4.5,GH,1595302330
236,bayji,0,11,34.93,43.49,92.66,12.95,IQ,1595302330
237,bukama,0,56,-9.2,25.85,58.77,3.6,CD,1595302330
238,omboue,62,88,-1.57,9.26,70.93,5.17,GA,1595302330
239,saint-augustin,99,97,51.23,-58.65,61.34,9.19,CA,1595302330
240,mar del plata,90,93,-38.0,-57.56,52.0,18.34,AR,1595302331
241,srednekolymsk,23,28,67.45,153.68,83.3,13.38,RU,1595302331
242,berlevag,100,93,70.86,29.09,55.4,2.24,NO,1595302331
243,cabo san lucas,10,41,22.89,-109.91,89.01,11.43,MX,1595302262
244,rassvet,67,67,46.83,40.75,71.2,5.99,RU,1595302331
245,kemijarvi,59,84,66.71,27.43,64.31,3.87,FI,1595302331
246,tabuk,11,59,17.42,121.44,89.04,5.3,PH,1595302331
247,adrar,57,28,20.5,-10.07,91.63,5.64,MR,1595302331
248,nalut,0,71,30.33,10.85,69.69,15.32,LY,1595302331
249,padang,20,70,-0.95,100.35,86.0,2.24,ID,1595302332
250,rio grande,100,85,-32.03,-52.1,64.99,9.06,BR,1595302332
251,lasem,42,66,-6.69,111.45,86.22,8.12,ID,1595302332
252,baruun-urt,46,34,46.68,113.28,79.2,14.7,MN,1595302332
253,salalah,75,100,17.02,54.09,78.8,2.24,OM,1595302333
254,labuhan,35,68,-6.88,112.21,85.78,7.43,ID,1595302333
255,nanortalik,60,63,60.14,-45.24,47.61,1.28,GL,1595302333
256,harper,42,90,4.38,-7.72,75.47,8.32,LR,1595302333
257,iki-burul,29,60,45.82,44.65,71.6,8.95,RU,1595302333
258,evensk,0,40,61.95,159.23,68.95,10.36,RU,1595302333
259,mogadishu,100,82,2.04,45.34,76.62,21.16,SO,1595302100
260,port hardy,75,77,50.7,-127.42,64.4,6.93,CA,1595302222
261,beyneu,25,17,45.32,55.2,94.69,8.93,KZ,1595302334
262,jieshi,96,65,22.81,115.83,86.74,6.06,CN,1595302334
263,eyl,86,49,7.98,49.82,80.96,32.7,SO,1595302334
264,itarema,80,85,-2.92,-39.92,75.96,11.92,BR,1595302334
265,buta,9,90,2.79,24.73,66.2,1.7,CD,1595302334
266,sitka,90,93,57.05,-135.33,55.4,5.82,US,1595302139
267,kilindoni,31,76,-7.91,39.67,75.97,18.07,TZ,1595302334
268,chimbote,43,87,-9.09,-78.58,60.64,6.31,PE,1595302334
269,lebu,100,83,-37.62,-73.65,50.58,12.82,CL,1595302335
270,vila franca do campo,75,88,37.72,-25.43,66.2,4.7,PT,1595302335
271,benjamin aceval,20,57,-24.97,-57.57,75.2,6.93,PY,1595302335
272,chuy,97,88,-33.7,-53.46,64.71,6.22,UY,1595302335
273,palmer,20,54,42.16,-72.33,78.8,4.7,US,1595302095
274,namatanai,19,72,-3.67,152.43,84.61,8.01,PG,1595302335
275,hami,100,20,42.8,93.45,91.63,4.83,CN,1595302335
276,pervomayskoye,26,56,43.92,46.71,78.39,13.67,RU,1595302165
277,blora,55,59,-6.97,111.42,87.33,6.31,ID,1595302335
278,yellowknife,20,63,62.46,-114.35,70.0,8.05,CA,1595302150
279,rio gallegos,3,85,-51.62,-69.22,15.8,3.36,AR,1595302281
280,mastic beach,1,61,40.77,-72.85,81.0,4.7,US,1595302336
281,oranjemund,0,42,-28.55,16.43,60.21,0.96,NA,1595302081
282,battle creek,1,77,42.32,-85.18,69.8,3.36,US,1595302336
283,ormara,100,78,25.21,64.64,86.14,16.49,PK,1595302336
284,denpasar,75,100,-8.65,115.22,80.6,16.11,ID,1595302267
285,sept-iles,20,63,50.2,-66.38,66.99,10.29,CA,1595302336
286,nome,75,81,64.5,-165.41,57.0,12.75,US,1595302336
287,thompson,75,59,55.74,-97.86,66.2,1.39,CA,1595302067
288,avera,1,67,33.19,-82.53,80.6,3.36,US,1595302337
289,bonthe,100,93,7.53,-12.51,74.66,7.87,SL,1595302337
290,clarence town,40,59,-32.58,151.78,63.0,17.22,AU,1595302337
291,vidim,86,35,56.41,103.11,70.0,2.59,RU,1595302337
292,kishi,94,93,9.08,3.85,70.3,6.64,NG,1595302337
293,jertih,20,66,5.73,102.49,87.8,3.36,MY,1595302337
294,kars,0,87,40.6,43.09,55.4,2.24,TR,1595302122
295,sampit,16,54,-2.53,112.95,90.05,3.22,ID,1595302338
296,ndele,28,97,8.41,20.65,66.38,3.04,CF,1595302338
297,kununurra,37,14,-15.77,128.73,80.6,12.75,AU,1595302338
298,geraldton,0,59,-28.77,114.6,64.4,21.92,AU,1595302338
299,rabo de peixe,75,88,37.8,-25.58,66.2,4.7,PT,1595302338
300,prijepolje,0,100,43.37,19.64,53.6,2.24,RS,1595302338
301,marsa matruh,0,88,31.35,27.25,69.8,9.98,EG,1595302338
302,voznesenye,100,68,61.01,35.48,64.36,2.75,RU,1595302339
303,zemio,11,96,5.03,25.14,65.17,1.81,CF,1595302339
304,saskylakh,100,43,71.92,114.08,61.18,11.79,RU,1595302339
305,sombreffe,20,87,50.53,4.6,50.0,5.82,BE,1595302339
306,tevaitoa,36,79,-16.78,-151.5,78.08,25.05,PF,1595302339
307,sinnamary,100,85,5.38,-52.95,77.88,8.48,GF,1595302130
308,kolyubakino,40,93,55.67,36.53,60.8,6.71,RU,1595302339
309,lata,94,67,40.16,-8.33,71.01,1.97,PT,1595302339
310,hellin,0,69,38.51,-1.7,68.79,1.57,ES,1595302339
311,markova,69,88,48.68,24.41,59.5,4.79,UA,1595302340
312,puerto carreno,97,87,6.19,-67.49,73.78,1.77,CO,1595302120
313,roald,100,81,62.58,6.13,51.8,9.17,NO,1595302340
314,vaitape,37,81,-16.52,-151.75,78.46,25.21,PF,1595302340
315,xai-xai,0,89,-25.05,33.64,57.51,4.65,MZ,1595302340
316,kavieng,8,68,-2.57,150.8,85.59,9.93,PG,1595302340
317,hamilton,1,88,39.18,-84.53,80.01,3.89,US,1595302340
318,vytegra,100,77,61.01,36.45,60.73,1.25,RU,1595302341
319,yantal,30,37,56.85,105.25,71.17,0.38,RU,1595302341
320,raca,0,100,44.23,20.98,57.2,2.08,RS,1595302341
321,deputatskiy,84,44,69.3,139.9,79.84,10.18,RU,1595302341
322,noumea,75,56,-22.28,166.46,73.4,10.29,NC,1595302321
323,usinsk,10,53,65.99,57.53,65.91,6.58,RU,1595302341
324,mokhsogollokh,100,91,61.47,128.92,62.42,8.43,RU,1595302341
325,eidfjord,51,78,60.47,7.07,37.99,5.03,NO,1595302341
326,abyek,0,25,36.07,50.55,80.6,9.17,IR,1595302341
327,nouadhibou,39,83,20.93,-17.03,73.4,3.0,MR,1595302342
328,touros,75,100,-5.2,-35.46,71.6,4.7,BR,1595302342
329,rosetta,20,78,31.4,30.42,77.0,9.17,EG,1595302342
330,vardo,75,100,70.37,31.11,57.2,8.05,NO,1595302342
331,marseille,40,82,43.33,5.5,71.01,3.36,FR,1595302092
332,carbonia,0,88,39.17,8.52,69.8,5.82,IT,1595302342
333,port moresby,40,70,-9.44,147.18,86.0,17.22,PG,1595302161
334,payo,97,55,-3.75,103.64,88.32,4.7,ID,1595302342
335,chippewa falls,1,77,44.94,-91.39,66.99,2.84,US,1595302343
336,hokitika,98,79,-42.72,170.97,52.81,10.92,NZ,1595302213
337,marsh harbour,84,78,26.54,-77.06,82.87,15.97,BS,1595302117
338,kambar,24,31,27.59,68.0,104.11,5.99,PK,1595302343
339,dong hoi,100,57,17.48,106.6,91.49,11.25,VN,1595302343
340,vestmanna,39,100,62.16,-7.17,46.4,2.24,FO,1595302343
341,hanyang,100,96,32.14,105.51,64.44,3.87,CN,1595302344
342,vilhena,21,55,-12.74,-60.15,68.0,2.46,BR,1595302344
343,ulaangom,100,50,49.98,92.07,74.7,4.9,MN,1595302344
344,asfi,34,85,32.3,-9.24,68.67,7.09,MA,1595302344
345,luena,0,74,-11.78,19.92,46.54,3.87,AO,1595302344
346,kavaratti,75,83,10.57,72.64,82.4,11.41,IN,1595302085
347,ketchikan,90,100,55.34,-131.65,59.0,9.17,US,1595302344
348,masuda,75,94,34.67,131.85,78.8,8.05,JP,1595302344
349,fort nelson,75,72,58.81,-122.7,66.2,5.82,CA,1595302131
350,shelburne,1,82,44.08,-80.2,60.8,2.24,CA,1595302345
351,maltahohe,0,64,-24.83,16.98,41.02,3.87,NA,1595302345
352,mount isa,94,23,-20.73,139.5,77.0,9.17,AU,1595302345
353,iskar,5,87,43.45,24.27,59.0,6.93,BG,1595302345
354,phangnga,20,70,8.45,98.53,87.8,2.24,TH,1595302260
355,quijingue,69,98,-10.75,-39.21,62.8,3.18,BR,1595302345
356,qaanaaq,38,71,77.48,-69.36,45.37,1.48,GL,1595302345
357,alcanena,100,68,39.46,-8.67,73.0,2.57,PT,1595302345
358,te anau,95,86,-45.42,167.72,45.05,9.1,NZ,1595302346
359,sidi ali,10,37,36.1,0.42,79.45,6.58,DZ,1595302346
360,castanhal,40,94,-1.29,-47.93,75.2,4.7,BR,1595302346
361,kaputa,50,63,-8.47,29.66,63.01,5.1,ZM,1595302347
362,lufkin,1,83,31.34,-94.73,79.0,5.82,US,1595302226
363,esso,97,57,55.93,158.7,55.6,9.98,RU,1595302347
364,yumen,100,22,40.28,97.2,83.14,14.16,CN,1595302347
365,termiz,0,32,37.22,67.28,84.2,2.24,UZ,1595302347
366,khingansk,0,39,49.12,131.18,79.2,7.92,RU,1595302347
367,tisul,100,85,55.76,88.31,66.07,5.91,RU,1595302347
368,byron bay,100,52,-28.65,153.62,66.2,14.99,AU,1595302204
369,sapernoye,87,87,60.72,29.95,64.0,2.44,RU,1595302348
370,gravdal,96,72,68.12,13.5,53.38,2.64,NO,1595302348
371,worms,64,74,49.64,8.36,63.0,4.0,DE,1595302348
372,itoman,40,88,26.12,127.67,89.01,8.05,JP,1595302348
373,praia da vitoria,75,73,38.73,-27.07,69.8,3.85,PT,1595302348
374,santa rosa,27,66,14.31,121.11,91.0,10.29,PH,1595302348
375,ahuimanu,75,62,21.44,-157.84,86.0,12.75,US,1595302348
376,kenai,1,59,60.55,-151.26,66.2,17.22,US,1595302349
377,kyra,91,46,49.58,111.98,71.42,6.44,RU,1595302349
378,comodoro rivadavia,40,86,-45.87,-67.5,39.2,6.93,AR,1595302201
379,codrington,66,75,-38.27,141.97,53.91,10.36,AU,1595302349
380,coahuayana,40,78,18.73,-103.68,78.8,6.93,MX,1595302349
381,constitucion,99,88,-35.33,-72.42,51.49,12.82,CL,1595302349
382,xianyang,90,78,34.34,108.7,77.0,8.95,CN,1595302349
383,kearney,1,88,40.7,-99.08,75.2,10.29,US,1595302068
384,mendota,1,42,36.75,-120.38,86.0,8.05,US,1595302350
385,bud,57,82,39.45,-86.18,77.0,4.76,US,1595302350
386,marang,20,70,5.21,103.21,87.8,5.82,MY,1595302350
387,lugovoy,35,18,42.95,72.76,88.41,16.15,KZ,1595302350
388,pingliang,98,69,35.54,106.69,68.07,11.9,CN,1595302350
389,guerrero negro,0,72,27.98,-114.06,69.48,12.97,MX,1595302350
390,dovolnoye,31,75,54.5,79.67,64.74,11.72,RU,1595302350
391,pemberton,100,53,50.32,-122.8,76.5,5.17,CA,1595302344
392,gao,76,52,16.64,1.64,84.06,8.68,ML,1595302351
393,pochutla,98,85,15.74,-96.47,81.0,3.42,MX,1595302351
394,calama,100,6,-22.47,-68.93,39.2,16.11,CL,1595302351
395,aksu,33,37,41.12,80.26,79.39,1.97,CN,1595302351
396,hobyo,91,68,5.35,48.53,78.6,25.57,SO,1595302351
397,honiara,40,55,-9.43,159.95,89.6,13.87,SB,1595302352
398,kapuskasing,20,93,49.42,-82.43,55.4,4.7,CA,1595302352
399,okhotsk,22,72,59.38,143.3,60.91,6.91,RU,1595302352
400,verkhnyaya balkariya,75,60,43.13,43.46,71.6,4.47,RU,1595302352
401,yerofey pavlovich,100,92,53.97,121.97,54.46,3.78,RU,1595302352
402,saint-francois,74,72,46.42,3.91,64.4,2.24,FR,1595302352
403,zaranj,0,27,30.97,61.88,87.8,24.16,AF,1595302352
404,mnogovershinnyy,100,95,53.94,139.92,54.21,9.55,RU,1595302134
405,gerash,20,54,27.67,54.14,80.6,4.12,IR,1595302353
406,klaksvik,20,100,62.23,-6.59,46.4,2.24,FO,1595302353
407,kadayanallur,81,59,9.08,77.35,85.12,4.63,IN,1595302353
408,okha,100,79,53.57,142.95,56.28,16.04,RU,1595302353
409,coihaique,90,89,-45.58,-72.07,33.8,3.36,CL,1595302353
410,warrington,3,93,53.39,-2.58,51.01,4.7,GB,1595302311
411,nizhnevartovsk,16,63,60.93,76.55,64.4,8.95,RU,1595302354
412,karaton,20,58,-6.34,106.1,87.8,3.36,ID,1595302354
413,ranong,40,74,9.97,98.63,87.8,3.36,TH,1595302354
414,norman wells,90,82,65.28,-126.83,60.8,18.34,CA,1595302354
415,aksarayskiy,7,65,46.79,48.01,78.8,6.71,RU,1595302354
416,ligayan,7,67,4.65,119.47,85.24,6.93,PH,1595302354
417,pacific grove,90,82,36.62,-121.92,60.01,6.93,US,1595302313
418,rockhampton,75,46,-23.38,150.5,71.6,6.93,AU,1595302355
419,kupang,20,45,-10.17,123.58,87.8,16.11,ID,1595302101
420,pozhva,100,78,59.09,56.08,57.13,7.58,RU,1595302355
421,dandong,54,58,40.13,124.39,83.07,3.69,CN,1595302355
422,pandan niog,29,69,6.23,120.56,83.34,3.02,PH,1595302355
423,dargaville,30,86,-35.93,173.88,56.98,11.54,NZ,1595302355
424,mangrol,23,73,21.12,70.12,84.76,13.27,IN,1595302355
425,santa cruz de la palma,75,73,28.68,-17.76,71.6,21.92,ES,1595302356
426,tilichiki,40,62,60.47,166.1,57.79,9.22,RU,1595302356
427,devgarh,96,66,25.53,73.9,82.65,15.08,IN,1595302356
428,russell,1,83,32.35,-85.2,78.8,3.96,US,1595302356
429,sobolevo,47,91,54.43,31.9,59.32,5.68,RU,1595302356
430,bonnyville,40,64,54.27,-110.73,69.8,2.24,CA,1595302356
431,severomuysk,100,90,56.15,113.43,42.73,5.79,RU,1595302357
432,lamu,46,78,-2.27,40.9,76.24,16.96,KE,1595302357
433,yaan,100,99,7.38,8.57,70.68,5.17,NG,1595302357
434,dubai,25,56,25.26,55.3,95.0,8.05,AE,1595302357
435,henties bay,0,48,-22.12,14.28,62.01,1.01,NA,1595302357
436,nhulunbuy,75,65,-12.23,136.77,80.6,13.87,AU,1595302357
437,skibbereen,40,81,51.55,-9.27,51.8,8.05,IE,1595302357
438,port-gentil,96,82,-0.72,8.78,74.43,10.58,GA,1595302358
439,naze,75,74,28.37,129.48,86.0,4.7,JP,1595302358
440,lagoa,0,70,39.05,-27.98,68.2,2.46,PT,1595302358
441,tokonou,100,100,9.65,-9.78,68.59,5.17,GN,1595302358
442,nikolayevka,89,73,53.13,47.2,65.86,5.5,RU,1595302358
443,the valley,20,78,18.22,-63.06,82.4,9.17,AI,1595302358
444,verona,0,82,45.42,11.03,73.0,1.12,IT,1595302214
445,tigil,49,51,57.8,158.67,67.5,8.93,RU,1595302358
446,tura,100,98,25.52,90.22,75.18,5.06,IN,1595302359
447,paamiut,99,70,61.99,-49.67,47.7,5.17,GL,1595302359
448,cockburn town,62,78,21.46,-71.14,83.1,22.24,TC,1595302129
449,wewak,12,66,-3.55,143.63,85.39,9.35,PG,1595302359
450,shenjiamen,94,87,29.96,122.3,80.69,15.01,CN,1595302359
451,kruisfontein,0,93,-34.0,24.73,51.76,5.35,ZA,1595302359
452,trelew,97,80,-43.25,-65.31,43.63,13.78,AR,1595302262
453,hereford,7,91,52.06,-2.71,48.0,2.24,GB,1595302360
454,leh,98,39,34.17,77.58,56.41,6.4,IN,1595302360
455,kondoa,13,91,-4.9,35.78,52.47,3.02,TZ,1595302360
456,tsogni,96,94,-2.79,10.1,68.99,4.18,GA,1595302360
457,hope,100,68,33.67,-93.59,82.99,6.24,US,1595302232
458,tulsipur,99,90,28.13,82.3,80.01,2.39,NP,1595302360
459,cumberland,40,88,35.05,-78.87,77.0,6.93,US,1595302360
460,olafsvik,98,76,64.89,-23.71,48.54,3.87,IS,1595302360
461,batagay,100,39,67.63,134.63,89.65,6.44,RU,1595302361
462,saint-joseph,90,63,-21.37,55.62,62.6,6.93,RE,1595302361
463,were ilu,100,97,10.6,39.43,53.11,4.23,ET,1595302361
464,nunoa,34,60,-14.48,-70.64,37.87,1.99,PE,1595302361
465,tezu,100,87,27.92,96.17,75.45,2.39,IN,1595302361
466,rehoboth,0,57,-23.32,17.08,43.65,6.15,NA,1595302361
467,vestmannaeyjar,32,69,63.44,-20.27,49.08,1.1,IS,1595302362
468,little current,1,87,45.98,-81.92,60.8,11.41,CA,1595302362
469,kalianget,16,68,-7.05,113.93,85.06,14.9,ID,1595302362
470,lac du bonnet,90,97,50.25,-96.06,66.99,2.48,CA,1595302362
471,ugoofaaru,100,76,5.67,73.0,83.14,17.36,MV,1595302362
472,mitsamiouli,65,69,-11.38,43.28,76.32,13.65,KM,1595302362
473,taguatinga,5,51,-12.39,-46.57,69.53,8.32,BR,1595302362
474,dabakala,52,92,8.37,-4.43,71.38,6.31,CI,1595302363
475,ovre ardal,100,80,61.32,7.8,42.82,4.7,NO,1595302363
476,posse,0,71,-14.09,-46.37,63.16,7.83,BR,1595302363
477,gwanda,0,92,-20.93,29.0,46.56,3.96,ZW,1595302363
478,arua,69,96,3.02,30.91,60.76,4.59,UG,1595302363
479,sao gabriel,93,91,-30.34,-54.32,67.24,6.2,BR,1595302363
480,saint anthony,20,57,45.02,-93.22,75.2,5.82,US,1595302363
481,kirakira,13,68,-10.45,161.92,81.34,10.4,SB,1595302364
482,lasa,5,100,46.62,10.7,57.2,1.86,IT,1595302364
483,ixtapa,40,79,20.7,-105.2,84.2,3.36,MX,1595302364
484,kahului,20,51,20.89,-156.47,86.0,25.28,US,1595302364
485,taoudenni,6,28,22.68,-3.98,93.47,6.62,ML,1595302364
486,nabire,65,64,-3.37,135.48,86.09,5.93,ID,1595302364
487,vitoria da conquista,60,94,-14.87,-40.84,61.32,9.06,BR,1595302364
488,vostok,100,100,46.49,135.88,61.5,2.06,RU,1595302365
489,rocha,100,84,-34.48,-54.33,65.8,5.26,UY,1595302365
490,phan thiet,57,62,10.93,108.1,87.39,5.53,VN,1595302365
491,karratha,0,33,-20.74,116.85,76.66,15.41,AU,1595302345
492,ures,7,58,29.43,-110.4,87.01,1.99,MX,1595302365
493,palafrugell,0,91,41.92,3.16,72.0,4.29,ES,1595302365
494,kushmurun,67,68,52.45,64.63,74.97,10.4,KZ,1595302365
495,aswan,0,21,24.09,32.91,87.35,9.91,EG,1595302365
496,cravo norte,100,94,6.3,-70.2,72.82,2.51,CO,1595302366
497,balabac,46,68,7.99,117.06,86.5,9.89,PH,1595302366
498,ginir,65,89,7.13,40.7,56.21,9.31,ET,1595302366
499,owo,97,99,7.2,5.59,70.43,1.95,NG,1595302366
500,malanje,0,44,-9.54,16.34,52.7,2.82,AO,1595302366
501,bambanglipuro,74,66,-7.95,110.28,85.17,13.29,ID,1595302366
502,verkhnevilyuysk,100,98,63.45,120.32,65.43,5.91,RU,1595302367
503,anloga,40,88,5.79,0.9,77.0,8.05,GH,1595302367
504,mopipi,0,86,-21.18,24.88,46.81,8.03,BW,1595302367
505,marovoay,37,66,-16.1,46.63,63.1,6.6,MG,1595302367
506,fortuna,90,100,40.6,-124.16,57.0,6.93,US,1595302367
507,taclobo,81,71,12.31,122.59,84.54,3.4,PH,1595302367
508,itapirapua,0,42,-15.82,-50.61,64.27,5.41,BR,1595302367
509,zhezkazgan,0,30,47.8,67.71,80.6,8.95,KZ,1595302368
510,nelson bay,40,59,-32.72,152.15,63.0,17.22,AU,1595302368
511,kudahuvadhoo,100,75,2.67,72.89,84.15,16.73,MV,1595302368
512,sambava,14,77,-14.27,50.17,68.4,13.2,MG,1595302368
513,nueve de julio,100,97,-35.44,-60.88,55.0,5.01,AR,1595302368
514,atar,13,45,20.52,-13.05,86.27,3.02,MR,1595302368
515,tavda,0,57,58.04,65.27,64.06,8.25,RU,1595302368
516,viedma,100,91,-40.81,-63.0,46.99,1.99,AR,1595302073
517,yazd,0,18,31.9,54.37,82.4,2.24,IR,1595302368
518,krasnomayskiy,100,91,57.62,34.41,60.84,3.2,RU,1595302369
519,husavik,90,93,66.04,-17.34,42.8,2.19,IS,1595302369
520,esperance,100,66,-33.87,121.9,53.6,17.22,AU,1595302111
521,grand forks,90,82,47.93,-97.03,64.4,8.05,US,1595302324
522,halifax,34,90,44.65,-63.57,68.0,9.73,CA,1595302150
523,camapua,0,45,-19.53,-54.04,68.23,3.4,BR,1595302369
524,gritsovskiy,39,88,54.14,38.16,59.56,9.84,RU,1595302369
525,praia,0,83,14.92,-23.51,77.0,2.24,CV,1595302369
526,ambilobe,28,67,-13.2,49.05,65.68,3.89,MG,1595302370
527,constantine,0,64,36.37,6.61,68.0,1.9,DZ,1595302370
528,jaguarao,100,73,-32.57,-53.38,69.01,6.96,BR,1595302370
529,smirnykh,100,82,49.75,142.83,62.53,7.65,RU,1595302370
530,anadyr,1,62,64.75,177.48,57.2,13.42,RU,1595302370
531,sur,92,59,22.57,59.53,89.35,8.12,OM,1595302370
532,gigmoto,100,78,13.78,124.39,85.26,6.96,PH,1595302370
533,gwadar,85,78,25.12,62.33,85.37,13.53,PK,1595302370
534,palauig,7,65,15.44,119.9,86.63,6.08,PH,1595302371
535,virginia beach,84,78,36.85,-75.98,87.01,1.01,US,1595302328
536,gambela,39,89,8.25,34.58,68.13,3.11,ET,1595302371
537,pekan,40,79,3.48,103.4,86.0,1.12,MY,1595302371
538,jennings,75,74,38.72,-90.26,80.6,6.93,US,1595302371
539,panaba,14,88,21.28,-88.27,76.55,5.59,MX,1595302371
540,nokaneng,0,57,-19.67,22.27,46.09,6.44,BW,1595302371
541,vila do maio,0,83,15.13,-23.22,77.0,2.24,CV,1595302371
542,erie,75,64,42.77,-78.67,75.2,9.17,US,1595302202
543,moyale,85,67,3.52,39.06,61.63,8.63,KE,1595302372
544,pangnirtung,88,70,66.15,-65.71,51.39,2.91,CA,1595302372
545,lalin,75,82,42.72,-8.12,64.0,10.29,ES,1595302372
546,bayeux,10,86,-7.12,-34.93,71.78,11.18,BR,1595302372
547,batouri,97,97,4.43,14.37,66.09,2.24,CM,1595302372
548,cambridge,1,93,43.36,-80.31,68.0,4.7,CA,1595302196
549,aquiraz,75,94,-3.9,-38.39,73.4,8.05,BR,1595302372
550,hakui,75,66,36.88,136.78,90.0,10.29,JP,1595302373
551,hendek,40,100,40.8,30.75,59.0,1.61,TR,1595302373
552,akhtanizovskaya,75,73,45.32,37.1,71.6,6.71,RU,1595302373
553,port macquarie,8,57,-31.43,152.92,64.0,4.0,AU,1595302369
554,ayan,100,94,56.45,138.17,52.18,16.46,RU,1595302373
555,ngunguru,56,3,-35.62,174.5,61.0,7.0,NZ,1595302373
556,saint-pierre,90,63,-21.34,55.48,62.6,6.93,RE,1595302373
557,broome,1,60,42.25,-75.83,71.6,3.36,US,1595302144
558,tursunzoda,0,44,38.51,68.23,75.2,2.24,TJ,1595302374
559,alenquer,40,100,-1.94,-54.74,75.2,2.24,BR,1595302374
560,tessalit,27,41,20.2,1.01,84.25,12.15,ML,1595302374
561,agdam,14,48,39.99,46.93,84.16,4.97,AZ,1595302374
562,roma,75,73,43.21,-75.46,71.6,4.41,US,1595302369
563,amuntai,2,47,-2.42,115.25,94.46,1.07,ID,1595302244
564,palmira,40,78,3.54,-76.3,71.6,9.17,CO,1595302374
565,loreto,88,71,22.27,-101.97,65.1,7.87,MX,1595302375
566,riyadh,83,13,24.69,46.72,95.0,8.05,SA,1595302264
567,isiolo,100,67,0.35,37.58,64.42,8.93,KE,1595302375
568,dwarka,42,74,22.24,68.97,85.46,15.43,IN,1595302375
569,hunucma,40,83,21.02,-89.87,80.01,5.82,MX,1595302375
570,panorama,0,47,40.59,23.03,77.0,9.17,GR,1595302375
571,villazon,100,56,-22.09,-65.59,44.44,4.12,BO,1595302375
572,northampton,25,91,40.88,-75.25,75.99,5.82,US,1595302375
573,sao felix do xingu,90,66,-6.64,-51.99,69.69,2.04,BR,1595302376
574,broken hill,92,54,-31.95,141.43,53.6,14.99,AU,1595302376
575,alihe,0,26,50.57,123.72,77.79,14.14,CN,1595302376
576,yarkovo,0,56,57.4,67.08,64.85,8.1,RU,1595302376
